MSE,RMSE,MAE,R2,MAPE
233.46153259277344,15.279448046077235,8.716703414916992,0.8052733540534973,32.40462
