MSE,RMSE,MAE,R2,MAPE
144.49623107910156,12.02065851270643,8.929862976074219,0.6427164673805237,22.084076
